repo_name,easy_file,hard_file
n2n/rocket,src/app/rocket/ei/component/prop/EiPropCollection.php,src/app/rocket/spec/Spec.php
n2n/rocket,src/app/rocket/ei/component/prop/EiPropCollection.php,src/app/rocket/impl/ei/component/prop/date/DateTimeEiProp.php
n2n/rocket,src/app/rocket/ei/component/prop/EiPropCollection.php,src/app/rocket/impl/ei/component/prop/ci/ContentItemsEiProp.php
n2n/rocket,src/app/rocket/ei/component/prop/EiPropCollection.php,src/app/rocket/ei/util/spec/EiuMask.php
n2n/rocket,src/app/rocket/ei/component/prop/EiPropCollection.php,src/app/rocket/impl/ei/component/prop/translation/TranslationEiProp.php
n2n/rocket,src/app/rocket/ei/component/prop/EiPropCollection.php,src/app/rocket/impl/ei/component/prop/relation/model/relation/EiPropRelation.php
n2n/rocket,src/app/rocket/ei/component/prop/EiPropCollection.php,src/app/rocket/impl/ei/component/prop/file/FileEiProp.php
n2n/rocket,src/app/rocket/ei/component/prop/EiPropCollection.php,src/app/rocket/ei/util/frame/EiuFrame.php
n2n/rocket,src/app/rocket/impl/ei/component/cmd/adapter/EiCmdNatureAdapter.php,src/app/rocket/spec/setup/EiPresetProp.php
n2n/rocket,src/app/rocket/spec/setup/EiPresetMode.php,src/app/rocket/spec/setup/EiPresetProp.php
n2n/rocket,src/app/rocket/attribute/EiPreset.php,src/app/rocket/spec/setup/EiPresetProp.php
n2n/rocket,src/app/rocket/impl/ei/component/mod/adapter/EiModNatureAdapter.php,src/app/rocket/spec/setup/EiPresetProp.php
n2n/rocket,src/app/rocket/spec/setup/EiPresetMode.php,src/app/rocket/impl/ei/component/prop/enum/EnumEiPropNature.php
n2n/rocket,src/app/rocket/impl/ei/component/mod/adapter/EiModNatureAdapter.php,src/app/rocket/impl/ei/component/prop/enum/EnumEiPropNature.php
n2n/rocket,src/app/rocket/impl/ei/component/cmd/adapter/EiCmdNatureAdapter.php,src/app/rocket/impl/ei/component/prop/enum/EnumEiPropNature.php
n2n/rocket,src/app/rocket/attribute/EiPreset.php,src/app/rocket/impl/ei/component/prop/enum/EnumEiPropNature.php
n2n/rocket,src/app/rocket/attribute/EiPreset.php,src/app/rocket/impl/ei/component/prop/string/UrlEiPropNature.php
n2n/rocket,src/app/rocket/impl/ei/component/cmd/adapter/EiCmdNatureAdapter.php,src/app/rocket/impl/ei/component/prop/string/UrlEiPropNature.php
n2n/rocket,src/app/rocket/spec/setup/EiPresetMode.php,src/app/rocket/impl/ei/component/prop/string/UrlEiPropNature.php
n2n/rocket,src/app/rocket/impl/ei/component/mod/adapter/EiModNatureAdapter.php,src/app/rocket/impl/ei/component/prop/string/UrlEiPropNature.php
n2n/rocket,src/app/rocket/impl/ei/component/cmd/adapter/EiCmdNatureAdapter.php,src/app/rocket/impl/ei/component/prop/bool/BooleanEiPropNature.php
n2n/rocket,src/app/rocket/spec/setup/EiPresetMode.php,src/app/rocket/impl/ei/component/prop/bool/BooleanEiPropNature.php
n2n/rocket,src/app/rocket/impl/ei/component/mod/adapter/EiModNatureAdapter.php,src/app/rocket/impl/ei/component/prop/bool/BooleanEiPropNature.php
n2n/rocket,src/app/rocket/attribute/EiPreset.php,src/app/rocket/impl/ei/component/prop/bool/BooleanEiPropNature.php
n2n/rocket,src/app/rocket/attribute/EiPreset.php,src/app/rocket/impl/ei/component/provider/EiPropNatureProvider.php
n2n/rocket,src/app/rocket/impl/ei/component/cmd/adapter/EiCmdNatureAdapter.php,src/app/rocket/impl/ei/component/provider/EiPropNatureProvider.php
n2n/rocket,src/app/rocket/spec/setup/EiPresetMode.php,src/app/rocket/impl/ei/component/provider/EiPropNatureProvider.php
n2n/rocket,src/app/rocket/impl/ei/component/mod/adapter/EiModNatureAdapter.php,src/app/rocket/impl/ei/component/provider/EiPropNatureProvider.php
n2n/rocket,src/app/rocket/impl/ei/component/mod/adapter/EiModNatureAdapter.php,src/app/rocket/impl/ei/component/RocketEiComponentNatureProvider.php
n2n/rocket,src/app/rocket/attribute/EiPreset.php,src/app/rocket/impl/ei/component/RocketEiComponentNatureProvider.php
n2n/rocket,src/app/rocket/spec/setup/EiPresetMode.php,src/app/rocket/impl/ei/component/RocketEiComponentNatureProvider.php
n2n/rocket,src/app/rocket/impl/ei/component/cmd/adapter/EiCmdNatureAdapter.php,src/app/rocket/impl/ei/component/RocketEiComponentNatureProvider.php
n2n/rocket,src/app/rocket/impl/ei/component/cmd/adapter/EiCmdNatureAdapter.php,src/app/rocket/impl/ei/component/prop/l10n/N2NLocaleEiPropNature.php
n2n/rocket,src/app/rocket/spec/setup/EiPresetMode.php,src/app/rocket/impl/ei/component/prop/l10n/N2NLocaleEiPropNature.php
n2n/rocket,src/app/rocket/impl/ei/component/mod/adapter/EiModNatureAdapter.php,src/app/rocket/impl/ei/component/prop/l10n/N2NLocaleEiPropNature.php
n2n/rocket,src/app/rocket/attribute/EiPreset.php,src/app/rocket/impl/ei/component/prop/l10n/N2NLocaleEiPropNature.php
n2n/rocket,src/app/rocket/attribute/EiPreset.php,src/app/rocket/impl/ei/component/prop/adapter/EiPropNatureAdapter.php
n2n/rocket,src/app/rocket/impl/ei/component/cmd/adapter/EiCmdNatureAdapter.php,src/app/rocket/impl/ei/component/prop/adapter/EiPropNatureAdapter.php
n2n/rocket,src/app/rocket/spec/setup/EiPresetMode.php,src/app/rocket/impl/ei/component/prop/adapter/EiPropNatureAdapter.php
n2n/rocket,src/app/rocket/impl/ei/component/mod/adapter/EiModNatureAdapter.php,src/app/rocket/impl/ei/component/prop/adapter/EiPropNatureAdapter.php
n2n/rocket,src/app/rocket/impl/ei/component/mod/adapter/EiModNatureAdapter.php,src/app/rocket/impl/ei/component/prop/numeric/IntegerEiPropNature.php
n2n/rocket,src/app/rocket/attribute/EiPreset.php,src/app/rocket/impl/ei/component/prop/numeric/IntegerEiPropNature.php
n2n/rocket,src/app/rocket/spec/setup/EiPresetMode.php,src/app/rocket/impl/ei/component/prop/numeric/IntegerEiPropNature.php
n2n/rocket,src/app/rocket/impl/ei/component/cmd/adapter/EiCmdNatureAdapter.php,src/app/rocket/impl/ei/component/prop/numeric/IntegerEiPropNature.php
n2n/rocket,src/app/rocket/impl/ei/component/cmd/adapter/EiCmdNatureAdapter.php,src/app/rocket/impl/ei/component/prop/string/AlphanumericEiPropNature.php
n2n/rocket,src/app/rocket/impl/ei/component/mod/adapter/EiModNatureAdapter.php,src/app/rocket/impl/ei/component/prop/string/AlphanumericEiPropNature.php
n2n/rocket,src/app/rocket/spec/setup/EiPresetMode.php,src/app/rocket/impl/ei/component/prop/string/AlphanumericEiPropNature.php
n2n/rocket,src/app/rocket/attribute/EiPreset.php,src/app/rocket/impl/ei/component/prop/string/AlphanumericEiPropNature.php
n2n/rocket,src/app/rocket/impl/ei/component/cmd/adapter/EiCmdNatureAdapter.php,src/app/rocket/impl/ei/component/prop/string/StringDisplayEiPropNature.php
n2n/rocket,src/app/rocket/spec/setup/EiPresetMode.php,src/app/rocket/impl/ei/component/prop/string/StringDisplayEiPropNature.php
n2n/rocket,src/app/rocket/impl/ei/component/mod/adapter/EiModNatureAdapter.php,src/app/rocket/impl/ei/component/prop/string/StringDisplayEiPropNature.php
n2n/rocket,src/app/rocket/attribute/EiPreset.php,src/app/rocket/impl/ei/component/prop/string/StringDisplayEiPropNature.php
n2n/rocket,src/app/rocket/spec/setup/EiPresetMode.php,src/app/rocket/impl/ei/component/prop/numeric/NumericEiPropNatureAdapter.php
n2n/rocket,src/app/rocket/impl/ei/component/mod/adapter/EiModNatureAdapter.php,src/app/rocket/impl/ei/component/prop/numeric/NumericEiPropNatureAdapter.php
n2n/rocket,src/app/rocket/attribute/EiPreset.php,src/app/rocket/impl/ei/component/prop/numeric/NumericEiPropNatureAdapter.php
n2n/rocket,src/app/rocket/impl/ei/component/cmd/adapter/EiCmdNatureAdapter.php,src/app/rocket/impl/ei/component/prop/numeric/NumericEiPropNatureAdapter.php
n2n/rocket,src/app/rocket/impl/ei/component/cmd/adapter/EiCmdNatureAdapter.php,src/app/rocket/impl/ei/component/prop/relation/OneToOneSelectEiPropNature.php
n2n/rocket,src/app/rocket/impl/ei/component/mod/adapter/EiModNatureAdapter.php,src/app/rocket/impl/ei/component/prop/relation/OneToOneSelectEiPropNature.php
n2n/rocket,src/app/rocket/spec/setup/EiPresetMode.php,src/app/rocket/impl/ei/component/prop/relation/OneToOneSelectEiPropNature.php
n2n/rocket,src/app/rocket/attribute/EiPreset.php,src/app/rocket/impl/ei/component/prop/relation/OneToOneSelectEiPropNature.php
n2n/rocket,src/app/rocket/impl/ei/component/mod/adapter/EiModNatureAdapter.php,src/app/rocket/impl/ei/component/prop/relation/ManyToOneSelectEiPropNature.php
n2n/rocket,src/app/rocket/attribute/EiPreset.php,src/app/rocket/impl/ei/component/prop/relation/ManyToOneSelectEiPropNature.php
n2n/rocket,src/app/rocket/spec/setup/EiPresetMode.php,src/app/rocket/impl/ei/component/prop/relation/ManyToOneSelectEiPropNature.php
n2n/rocket,src/app/rocket/impl/ei/component/cmd/adapter/EiCmdNatureAdapter.php,src/app/rocket/impl/ei/component/prop/relation/ManyToOneSelectEiPropNature.php
n2n/rocket,src/app/rocket/attribute/EiPreset.php,src/app/rocket/impl/ei/component/prop/relation/OneToManySelectEiPropNature.php
n2n/rocket,src/app/rocket/impl/ei/component/cmd/adapter/EiCmdNatureAdapter.php,src/app/rocket/impl/ei/component/prop/relation/OneToManySelectEiPropNature.php
n2n/rocket,src/app/rocket/spec/setup/EiPresetMode.php,src/app/rocket/impl/ei/component/prop/relation/OneToManySelectEiPropNature.php
n2n/rocket,src/app/rocket/impl/ei/component/mod/adapter/EiModNatureAdapter.php,src/app/rocket/impl/ei/component/prop/relation/OneToManySelectEiPropNature.php
n2n/rocket,src/app/rocket/attribute/EiPreset.php,src/app/rocket/impl/ei/component/prop/relation/RelationEiPropNatureAdapter.php
n2n/rocket,src/app/rocket/impl/ei/component/cmd/adapter/EiCmdNatureAdapter.php,src/app/rocket/impl/ei/component/prop/relation/RelationEiPropNatureAdapter.php
n2n/rocket,src/app/rocket/spec/setup/EiPresetMode.php,src/app/rocket/impl/ei/component/prop/relation/RelationEiPropNatureAdapter.php
n2n/rocket,src/app/rocket/impl/ei/component/mod/adapter/EiModNatureAdapter.php,src/app/rocket/impl/ei/component/prop/relation/RelationEiPropNatureAdapter.php
n2n/rocket,src/app/rocket/spec/setup/EiPresetMode.php,src/app/rocket/impl/ei/component/prop/relation/ManyToManySelectEiPropNature.php
n2n/rocket,src/app/rocket/impl/ei/component/cmd/adapter/EiCmdNatureAdapter.php,src/app/rocket/impl/ei/component/prop/relation/ManyToManySelectEiPropNature.php
n2n/rocket,src/app/rocket/impl/ei/component/mod/adapter/EiModNatureAdapter.php,src/app/rocket/impl/ei/component/prop/relation/ManyToManySelectEiPropNature.php
n2n/rocket,src/app/rocket/attribute/EiPreset.php,src/app/rocket/impl/ei/component/prop/relation/ManyToManySelectEiPropNature.php
n2n/rocket,src/app/rocket/attribute/EiPreset.php,src/app/rocket/impl/ei/component/prop/string/AlphanumericEiPropNatureNature.php
n2n/rocket,src/app/rocket/impl/ei/component/cmd/adapter/EiCmdNatureAdapter.php,src/app/rocket/impl/ei/component/prop/string/AlphanumericEiPropNatureNature.php
n2n/rocket,src/app/rocket/impl/ei/component/mod/adapter/EiModNatureAdapter.php,src/app/rocket/impl/ei/component/prop/string/AlphanumericEiPropNatureNature.php
n2n/rocket,src/app/rocket/spec/setup/EiPresetMode.php,src/app/rocket/impl/ei/component/prop/string/AlphanumericEiPropNatureNature.php
n2n/rocket,src/app/rocket/impl/ei/component/mod/adapter/EiModNatureAdapter.php,src/app/rocket/impl/ei/component/prop/adapter/DisplayablePropertyEiPropNatureAdapter.php
n2n/rocket,src/app/rocket/impl/ei/component/cmd/adapter/EiCmdNatureAdapter.php,src/app/rocket/impl/ei/component/prop/adapter/DisplayablePropertyEiPropNatureAdapter.php
n2n/rocket,src/app/rocket/spec/setup/EiPresetMode.php,src/app/rocket/impl/ei/component/prop/adapter/DisplayablePropertyEiPropNatureAdapter.php
n2n/rocket,src/app/rocket/attribute/EiPreset.php,src/app/rocket/impl/ei/component/prop/adapter/DisplayablePropertyEiPropNatureAdapter.php
WoltLab/WCF,wcfsetup/install/files/lib/data/language/Language.class.php,wcfsetup/install/files/lib/system/session/SessionHandler.class.php
leoloso/PoP,layers/Engine/packages/component-model/src/Variables/VariableManager.php,layers/Engine/packages/graphql-parser/src/Spec/Parser/Parser.php
leoloso/PoP,layers/CMSSchema/packages/customposts/src/ObjectTypeResolverPickers/CustomPostObjectTypeResolverPickerTrait.php,layers/Engine/packages/graphql-parser/src/Spec/Parser/Parser.php
leoloso/PoP,layers/GraphQLAPIForWP/plugins/graphql-api-for-wp/src/PluginInitializationConfiguration.php,layers/Engine/packages/graphql-parser/src/Spec/Parser/Parser.php
leoloso/PoP,layers/GraphQLAPIForWP/plugins/graphql-api-for-wp/src/StaticHelpers/SemverHelpers.php,layers/Engine/packages/graphql-parser/src/Spec/Parser/Parser.php
leoloso/PoP,layers/CMSSchema/packages/customposts-wp/src/TypeAPIs/AbstractCustomPostTypeAPI.php,layers/Engine/packages/graphql-parser/src/Spec/Parser/Parser.php
leoloso/PoP,layers/Engine/packages/engine/src/DirectiveResolvers/SkipFieldDirectiveResolver.php,layers/Engine/packages/graphql-parser/src/Spec/Parser/Parser.php
leoloso/PoP,layers/Engine/packages/engine/src/DirectiveResolvers/IncludeFieldDirectiveResolver.php,layers/Engine/packages/graphql-parser/src/Spec/Parser/Parser.php
leoloso/PoP,layers/GraphQLAPIForWP/plugins/graphql-api-for-wp/src/Settings/SettingsNormalizer.php,layers/Engine/packages/graphql-parser/src/Spec/Parser/Parser.php
leoloso/PoP,layers/GraphQLAPIForWP/plugins/graphql-api-for-wp/blocks/schema-config-expose-sensitive-data/build/index.asset.php,layers/Engine/packages/graphql-parser/src/Spec/Parser/Parser.php
leoloso/PoP,layers/GraphQLByPoP/packages/graphql-server/src/FieldResolvers/ObjectType/Extensions/TypeObjectTypeFieldResolver.php,layers/Engine/packages/graphql-parser/src/Spec/Parser/Parser.php
leoloso/PoP,layers/CMSSchema/packages/customposts/src/ObjectTypeResolverPickers/GenericCustomPostCustomPostObjectTypeResolverPicker.php,layers/Engine/packages/graphql-parser/src/Spec/Parser/Parser.php
leoloso/PoP,layers/GraphQLByPoP/packages/graphql-server/src/FieldResolvers/ObjectType/Extensions/SchemaObjectTypeFieldResolver.php,layers/Engine/packages/graphql-parser/src/Spec/Parser/Parser.php
leoloso/PoP,layers/Engine/packages/component-model/src/Hooks/AbstractRemoveIDFieldFromObjectTypeHookSet.php,layers/Engine/packages/graphql-parser/src/Spec/Parser/Parser.php
leoloso/PoP,layers/CMSSchema/packages/customposts/src/TypeHelpers/CustomPostUnionTypeHelpers.php,layers/Engine/packages/graphql-parser/src/Spec/Parser/Parser.php
leoloso/PoP,layers/CMSSchema/packages/customposts/src/FilterInputs/UnionCustomPostTypesFilterInput.php,layers/Engine/packages/graphql-parser/src/Spec/Parser/Parser.php
leoloso/PoP,layers/Engine/packages/component-model/src/DirectiveResolvers/FieldDirectiveResolverInterface.php,layers/Engine/packages/graphql-parser/src/Spec/Parser/Parser.php
leoloso/PoP,layers/Engine/packages/engine/src/DirectiveResolvers/AbstractFieldDirectiveResolver.php,layers/Engine/packages/graphql-parser/src/Spec/Parser/Parser.php
leoloso/PoP,layers/GraphQLByPoP/packages/graphql-server/src/FieldResolvers/ObjectType/Extensions/SchemaObjectTypeFieldResolver.php,layers/Engine/packages/graphql-parser/src/Spec/Parser/Tokenizer.php
leoloso/PoP,layers/CMSSchema/packages/customposts-wp/src/TypeAPIs/AbstractCustomPostTypeAPI.php,layers/Engine/packages/graphql-parser/src/Spec/Parser/Tokenizer.php
leoloso/PoP,layers/Engine/packages/engine/src/DirectiveResolvers/AbstractFieldDirectiveResolver.php,layers/Engine/packages/graphql-parser/src/Spec/Parser/Tokenizer.php
leoloso/PoP,layers/CMSSchema/packages/customposts/src/FilterInputs/UnionCustomPostTypesFilterInput.php,layers/Engine/packages/graphql-parser/src/Spec/Parser/Tokenizer.php
leoloso/PoP,layers/GraphQLAPIForWP/plugins/graphql-api-for-wp/blocks/schema-config-expose-sensitive-data/build/index.asset.php,layers/Engine/packages/graphql-parser/src/Spec/Parser/Tokenizer.php
leoloso/PoP,layers/GraphQLAPIForWP/plugins/graphql-api-for-wp/src/Settings/SettingsNormalizer.php,layers/Engine/packages/graphql-parser/src/Spec/Parser/Tokenizer.php
leoloso/PoP,layers/CMSSchema/packages/customposts/src/ObjectTypeResolverPickers/GenericCustomPostCustomPostObjectTypeResolverPicker.php,layers/Engine/packages/graphql-parser/src/Spec/Parser/Tokenizer.php
leoloso/PoP,layers/Engine/packages/engine/src/DirectiveResolvers/SkipFieldDirectiveResolver.php,layers/Engine/packages/graphql-parser/src/Spec/Parser/Tokenizer.php
leoloso/PoP,layers/CMSSchema/packages/customposts/src/TypeHelpers/CustomPostUnionTypeHelpers.php,layers/Engine/packages/graphql-parser/src/Spec/Parser/Tokenizer.php
leoloso/PoP,layers/GraphQLByPoP/packages/graphql-server/src/FieldResolvers/ObjectType/Extensions/TypeObjectTypeFieldResolver.php,layers/Engine/packages/graphql-parser/src/Spec/Parser/Tokenizer.php
leoloso/PoP,layers/CMSSchema/packages/customposts/src/ObjectTypeResolverPickers/CustomPostObjectTypeResolverPickerTrait.php,layers/Engine/packages/graphql-parser/src/Spec/Parser/Tokenizer.php
leoloso/PoP,layers/Engine/packages/engine/src/DirectiveResolvers/IncludeFieldDirectiveResolver.php,layers/Engine/packages/graphql-parser/src/Spec/Parser/Tokenizer.php
leoloso/PoP,layers/Engine/packages/component-model/src/DirectiveResolvers/FieldDirectiveResolverInterface.php,layers/Engine/packages/graphql-parser/src/Spec/Parser/Tokenizer.php
leoloso/PoP,layers/Engine/packages/component-model/src/Variables/VariableManager.php,layers/Engine/packages/graphql-parser/src/Spec/Parser/Tokenizer.php
leoloso/PoP,layers/GraphQLAPIForWP/plugins/graphql-api-for-wp/src/PluginInitializationConfiguration.php,layers/Engine/packages/graphql-parser/src/Spec/Parser/Tokenizer.php
leoloso/PoP,layers/Engine/packages/component-model/src/Hooks/AbstractRemoveIDFieldFromObjectTypeHookSet.php,layers/Engine/packages/graphql-parser/src/Spec/Parser/Tokenizer.php
leoloso/PoP,layers/GraphQLAPIForWP/plugins/graphql-api-for-wp/src/StaticHelpers/SemverHelpers.php,layers/Engine/packages/graphql-parser/src/Spec/Parser/Tokenizer.php
leoloso/PoP,layers/GraphQLByPoP/packages/graphql-server/src/FieldResolvers/ObjectType/Extensions/SchemaObjectTypeFieldResolver.php,layers/Engine/packages/graphql-parser/src/Spec/Parser/Ast/Document.php
leoloso/PoP,layers/CMSSchema/packages/customposts/src/FilterInputs/UnionCustomPostTypesFilterInput.php,layers/Engine/packages/graphql-parser/src/Spec/Parser/Ast/Document.php
leoloso/PoP,layers/GraphQLByPoP/packages/graphql-server/src/FieldResolvers/ObjectType/Extensions/TypeObjectTypeFieldResolver.php,layers/Engine/packages/graphql-parser/src/Spec/Parser/Ast/Document.php
leoloso/PoP,layers/CMSSchema/packages/customposts-wp/src/TypeAPIs/AbstractCustomPostTypeAPI.php,layers/Engine/packages/graphql-parser/src/Spec/Parser/Ast/Document.php
leoloso/PoP,layers/GraphQLAPIForWP/plugins/graphql-api-for-wp/src/StaticHelpers/SemverHelpers.php,layers/Engine/packages/graphql-parser/src/Spec/Parser/Ast/Document.php
leoloso/PoP,layers/Engine/packages/engine/src/DirectiveResolvers/IncludeFieldDirectiveResolver.php,layers/Engine/packages/graphql-parser/src/Spec/Parser/Ast/Document.php
leoloso/PoP,layers/GraphQLAPIForWP/plugins/graphql-api-for-wp/src/Settings/SettingsNormalizer.php,layers/Engine/packages/graphql-parser/src/Spec/Parser/Ast/Document.php
leoloso/PoP,layers/Engine/packages/component-model/src/Hooks/AbstractRemoveIDFieldFromObjectTypeHookSet.php,layers/Engine/packages/graphql-parser/src/Spec/Parser/Ast/Document.php
leoloso/PoP,layers/GraphQLAPIForWP/plugins/graphql-api-for-wp/blocks/schema-config-expose-sensitive-data/build/index.asset.php,layers/Engine/packages/graphql-parser/src/Spec/Parser/Ast/Document.php
leoloso/PoP,layers/Engine/packages/engine/src/DirectiveResolvers/SkipFieldDirectiveResolver.php,layers/Engine/packages/graphql-parser/src/Spec/Parser/Ast/Document.php
leoloso/PoP,layers/Engine/packages/component-model/src/DirectiveResolvers/FieldDirectiveResolverInterface.php,layers/Engine/packages/graphql-parser/src/Spec/Parser/Ast/Document.php
leoloso/PoP,layers/Engine/packages/engine/src/DirectiveResolvers/AbstractFieldDirectiveResolver.php,layers/Engine/packages/graphql-parser/src/Spec/Parser/Ast/Document.php
leoloso/PoP,layers/Engine/packages/component-model/src/Variables/VariableManager.php,layers/Engine/packages/graphql-parser/src/Spec/Parser/Ast/Document.php
leoloso/PoP,layers/CMSSchema/packages/customposts/src/TypeHelpers/CustomPostUnionTypeHelpers.php,layers/Engine/packages/graphql-parser/src/Spec/Parser/Ast/Document.php
leoloso/PoP,layers/CMSSchema/packages/customposts/src/ObjectTypeResolverPickers/GenericCustomPostCustomPostObjectTypeResolverPicker.php,layers/Engine/packages/graphql-parser/src/Spec/Parser/Ast/Document.php
leoloso/PoP,layers/CMSSchema/packages/customposts/src/ObjectTypeResolverPickers/CustomPostObjectTypeResolverPickerTrait.php,layers/Engine/packages/graphql-parser/src/Spec/Parser/Ast/Document.php
leoloso/PoP,layers/GraphQLAPIForWP/plugins/graphql-api-for-wp/src/PluginInitializationConfiguration.php,layers/Engine/packages/graphql-parser/src/Spec/Parser/Ast/Document.php
leoloso/PoP,layers/GraphQLAPIForWP/plugins/graphql-api-for-wp/blocks/persisted-query-endpoint-api-hierarchy/build/index.asset.php,layers/Engine/packages/component-model/src/TypeResolvers/ObjectType/AbstractObjectTypeResolver.php
leoloso/PoP,layers/GraphQLAPIForWP/plugins/graphql-api-for-wp/src/Services/Blocks/AbstractControlBlock.php,layers/Engine/packages/component-model/src/TypeResolvers/ObjectType/AbstractObjectTypeResolver.php
leoloso/PoP,layers/GraphQLAPIForWP/plugins/graphql-api-for-wp/blocks/custom-endpoint-options/build/index.asset.php,layers/Engine/packages/component-model/src/TypeResolvers/ObjectType/AbstractObjectTypeResolver.php
leoloso/PoP,layers/GraphQLAPIForWP/plugins/graphql-api-for-wp/blocks/endpoint-voyager/build/index.asset.php,layers/Engine/packages/component-model/src/TypeResolvers/ObjectType/AbstractObjectTypeResolver.php
leoloso/PoP,layers/GraphQLAPIForWP/plugins/graphql-api-for-wp/blocks/schema-config-mutation-scheme/build/index.asset.php,layers/Engine/packages/component-model/src/TypeResolvers/ObjectType/AbstractObjectTypeResolver.php
leoloso/PoP,layers/GraphQLAPIForWP/plugins/graphql-api-for-wp/blocks/endpoint-graphiql/build/index.asset.php,layers/Engine/packages/component-model/src/TypeResolvers/ObjectType/AbstractObjectTypeResolver.php
leoloso/PoP,layers/GraphQLAPIForWP/plugins/graphql-api-for-wp/blocks/schema-config-namespacing/build/index.asset.php,layers/Engine/packages/component-model/src/TypeResolvers/ObjectType/AbstractObjectTypeResolver.php
leoloso/PoP,layers/GraphQLAPIForWP/plugins/extension-demo/graphql-api-extension-demo.php,layers/Engine/packages/component-model/src/TypeResolvers/ObjectType/AbstractObjectTypeResolver.php
leoloso/PoP,layers/GraphQLAPIForWP/plugins/graphql-api-for-wp/blocks/persisted-query-endpoint-options/build/index.asset.php,layers/Engine/packages/component-model/src/TypeResolvers/ObjectType/AbstractObjectTypeResolver.php
leoloso/PoP,layers/CMSSchema/packages/customposts/src/ObjectTypeResolverPickers/GenericCustomPostCustomPostObjectTypeResolverPicker.php,layers/Engine/packages/graphql-parser/src/FeedbackItemProviders/GraphQLUnsupportedFeatureErrorFeedbackItemProvider.php
leoloso/PoP,layers/Engine/packages/engine/src/DirectiveResolvers/AbstractFieldDirectiveResolver.php,layers/Engine/packages/graphql-parser/src/FeedbackItemProviders/GraphQLUnsupportedFeatureErrorFeedbackItemProvider.php
leoloso/PoP,layers/Engine/packages/engine/src/DirectiveResolvers/SkipFieldDirectiveResolver.php,layers/Engine/packages/graphql-parser/src/FeedbackItemProviders/GraphQLUnsupportedFeatureErrorFeedbackItemProvider.php
leoloso/PoP,layers/Engine/packages/engine/src/DirectiveResolvers/IncludeFieldDirectiveResolver.php,layers/Engine/packages/graphql-parser/src/FeedbackItemProviders/GraphQLUnsupportedFeatureErrorFeedbackItemProvider.php
leoloso/PoP,layers/CMSSchema/packages/customposts/src/ObjectTypeResolverPickers/CustomPostObjectTypeResolverPickerTrait.php,layers/Engine/packages/graphql-parser/src/FeedbackItemProviders/GraphQLUnsupportedFeatureErrorFeedbackItemProvider.php
leoloso/PoP,layers/GraphQLAPIForWP/plugins/graphql-api-for-wp/blocks/schema-config-expose-sensitive-data/build/index.asset.php,layers/Engine/packages/graphql-parser/src/FeedbackItemProviders/GraphQLUnsupportedFeatureErrorFeedbackItemProvider.php
leoloso/PoP,layers/CMSSchema/packages/customposts/src/FilterInputs/UnionCustomPostTypesFilterInput.php,layers/Engine/packages/graphql-parser/src/FeedbackItemProviders/GraphQLUnsupportedFeatureErrorFeedbackItemProvider.php
leoloso/PoP,layers/GraphQLAPIForWP/plugins/graphql-api-for-wp/src/StaticHelpers/SemverHelpers.php,layers/Engine/packages/graphql-parser/src/FeedbackItemProviders/GraphQLUnsupportedFeatureErrorFeedbackItemProvider.php
leoloso/PoP,layers/CMSSchema/packages/customposts-wp/src/TypeAPIs/AbstractCustomPostTypeAPI.php,layers/Engine/packages/graphql-parser/src/FeedbackItemProviders/GraphQLUnsupportedFeatureErrorFeedbackItemProvider.php
leoloso/PoP,layers/CMSSchema/packages/customposts/src/TypeHelpers/CustomPostUnionTypeHelpers.php,layers/Engine/packages/graphql-parser/src/FeedbackItemProviders/GraphQLUnsupportedFeatureErrorFeedbackItemProvider.php
leoloso/PoP,layers/GraphQLByPoP/packages/graphql-server/src/FieldResolvers/ObjectType/Extensions/SchemaObjectTypeFieldResolver.php,layers/Engine/packages/graphql-parser/src/FeedbackItemProviders/GraphQLUnsupportedFeatureErrorFeedbackItemProvider.php
leoloso/PoP,layers/Engine/packages/component-model/src/Variables/VariableManager.php,layers/Engine/packages/graphql-parser/src/FeedbackItemProviders/GraphQLUnsupportedFeatureErrorFeedbackItemProvider.php
leoloso/PoP,layers/GraphQLAPIForWP/plugins/graphql-api-for-wp/src/PluginInitializationConfiguration.php,layers/Engine/packages/graphql-parser/src/FeedbackItemProviders/GraphQLUnsupportedFeatureErrorFeedbackItemProvider.php
leoloso/PoP,layers/Engine/packages/component-model/src/Hooks/AbstractRemoveIDFieldFromObjectTypeHookSet.php,layers/Engine/packages/graphql-parser/src/FeedbackItemProviders/GraphQLUnsupportedFeatureErrorFeedbackItemProvider.php
leoloso/PoP,layers/Engine/packages/component-model/src/DirectiveResolvers/FieldDirectiveResolverInterface.php,layers/Engine/packages/graphql-parser/src/FeedbackItemProviders/GraphQLUnsupportedFeatureErrorFeedbackItemProvider.php
leoloso/PoP,layers/GraphQLAPIForWP/plugins/graphql-api-for-wp/src/Settings/SettingsNormalizer.php,layers/Engine/packages/graphql-parser/src/FeedbackItemProviders/GraphQLUnsupportedFeatureErrorFeedbackItemProvider.php
leoloso/PoP,layers/GraphQLByPoP/packages/graphql-server/src/FieldResolvers/ObjectType/Extensions/TypeObjectTypeFieldResolver.php,layers/Engine/packages/graphql-parser/src/FeedbackItemProviders/GraphQLUnsupportedFeatureErrorFeedbackItemProvider.php
getgrav/grav,system/defines.php,system/src/Grav/Common/Page/Pages.php
snipe/snipe-it,resources/lang/pt-BR/general.php,resources/views/models/view.blade.php
snipe/snipe-it,resources/lang/pl/admin/settings/general.php,resources/views/models/view.blade.php
snipe/snipe-it,resources/lang/es-ES/general.php,resources/views/models/view.blade.php
snipe/snipe-it,resources/lang/it/mail.php,resources/views/models/view.blade.php
snipe/snipe-it,resources/lang/ms/general.php,resources/views/models/view.blade.php
snipe/snipe-it,resources/lang/no/general.php,resources/views/models/view.blade.php
snipe/snipe-it,resources/lang/pl/general.php,resources/views/models/view.blade.php
snipe/snipe-it,resources/lang/fr/mail.php,resources/views/models/view.blade.php
snipe/snipe-it,resources/lang/ru/general.php,resources/views/models/view.blade.php
snipe/snipe-it,resources/lang/de/admin/hardware/form.php,resources/views/models/view.blade.php
snipe/snipe-it,resources/views/account/view-assets.blade.php,resources/views/models/view.blade.php
snipe/snipe-it,resources/lang/th/general.php,resources/views/models/view.blade.php
snipe/snipe-it,resources/lang/fr/admin/hardware/form.php,resources/views/models/view.blade.php
snipe/snipe-it,resources/lang/sv-SE/general.php,resources/views/models/view.blade.php
snipe/snipe-it,resources/lang/de/admin/licenses/message.php,resources/views/models/view.blade.php
snipe/snipe-it,resources/lang/id/general.php,resources/views/models/view.blade.php
snipe/snipe-it,resources/lang/zh-TW/admin/settings/general.php,resources/views/models/view.blade.php
snipe/snipe-it,resources/lang/vi/general.php,resources/views/models/view.blade.php
snipe/snipe-it,resources/lang/ar/general.php,resources/views/models/view.blade.php
snipe/snipe-it,resources/lang/zh-CN/mail.php,resources/views/models/view.blade.php
snipe/snipe-it,resources/lang/cs/general.php,resources/views/models/view.blade.php
snipe/snipe-it,resources/lang/fr/admin/licenses/message.php,resources/views/models/view.blade.php
snipe/snipe-it,resources/lang/lt/general.php,resources/views/models/view.blade.php
snipe/snipe-it,resources/lang/hu/admin/licenses/message.php,resources/views/models/view.blade.php
snipe/snipe-it,resources/lang/da/general.php,resources/views/models/view.blade.php
snipe/snipe-it,resources/lang/hu/general.php,resources/views/models/view.blade.php
snipe/snipe-it,resources/lang/fr/admin/asset_maintenances/general.php,resources/views/models/view.blade.php
snipe/snipe-it,resources/lang/zh-CN/admin/hardware/form.php,resources/views/models/view.blade.php
snipe/snipe-it,resources/lang/he/general.php,resources/views/models/view.blade.php
snipe/snipe-it,resources/lang/it/general.php,resources/views/models/view.blade.php
snipe/snipe-it,resources/lang/en-GB/general.php,resources/views/models/view.blade.php
snipe/snipe-it,resources/lang/pt-PT/general.php,resources/views/models/view.blade.php
snipe/snipe-it,resources/lang/fi/general.php,resources/views/models/view.blade.php
snipe/snipe-it,resources/lang/fa/general.php,resources/views/models/view.blade.php
snipe/snipe-it,resources/lang/ja/admin/licenses/message.php,resources/views/models/view.blade.php
snipe/snipe-it,resources/lang/ro/general.php,resources/views/models/view.blade.php
snipe/snipe-it,resources/lang/hu/mail.php,resources/views/models/view.blade.php
snipe/snipe-it,resources/lang/hu/admin/hardware/form.php,resources/views/models/view.blade.php
snipe/snipe-it,resources/lang/bg/general.php,resources/views/models/view.blade.php
snipe/snipe-it,resources/lang/zh-CN/general.php,resources/views/models/view.blade.php
snipe/snipe-it,resources/lang/ja/general.php,resources/views/models/view.blade.php
snipe/snipe-it,config/permissions.php,resources/views/models/view.blade.php
snipe/snipe-it,resources/lang/de/mail.php,resources/views/models/view.blade.php
snipe/snipe-it,resources/lang/en-ID/general.php,resources/views/models/view.blade.php
snipe/snipe-it,resources/lang/it/admin/licenses/message.php,resources/views/models/view.blade.php
snipe/snipe-it,resources/lang/it/admin/hardware/form.php,resources/views/models/view.blade.php
snipe/snipe-it,resources/lang/en/admin/settings/general.php,resources/views/models/view.blade.php
snipe/snipe-it,resources/lang/de/general.php,resources/views/models/view.blade.php
snipe/snipe-it,resources/lang/zh-TW/general.php,resources/views/models/view.blade.php
snipe/snipe-it,resources/lang/ja/admin/hardware/form.php,resources/views/models/view.blade.php
snipe/snipe-it,resources/lang/fr/admin/settings/message.php,resources/views/models/view.blade.php
snipe/snipe-it,resources/lang/ko/general.php,resources/views/models/view.blade.php
snipe/snipe-it,resources/lang/el/general.php,resources/views/models/view.blade.php
snipe/snipe-it,resources/lang/tr/general.php,resources/views/models/view.blade.php
snipe/snipe-it,resources/lang/es-CO/general.php,resources/views/models/view.blade.php
snipe/snipe-it,resources/lang/fa/admin/settings/general.php,resources/views/models/view.blade.php
snipe/snipe-it,resources/lang/en/general.php,resources/views/models/view.blade.php
snipe/snipe-it,resources/lang/ja/mail.php,resources/views/models/view.blade.php
snipe/snipe-it,resources/lang/nl/general.php,resources/views/models/view.blade.php
snipe/snipe-it,resources/lang/zh-CN/admin/licenses/message.php,resources/views/models/view.blade.php
snipe/snipe-it,resources/lang/fr/general.php,resources/views/models/view.blade.php
snipe/snipe-it,config/version.php,resources/views/models/view.blade.php
snipe/snipe-it,resources/lang/hr/general.php,resources/views/models/view.blade.php
snipe/snipe-it,resources/lang/ar/general.php,resources/views/components/view.blade.php
snipe/snipe-it,resources/lang/it/general.php,resources/views/components/view.blade.php
snipe/snipe-it,resources/lang/cs/general.php,resources/views/components/view.blade.php
snipe/snipe-it,resources/lang/de/mail.php,resources/views/components/view.blade.php
snipe/snipe-it,resources/lang/ja/admin/licenses/message.php,resources/views/components/view.blade.php
snipe/snipe-it,resources/lang/th/general.php,resources/views/components/view.blade.php
snipe/snipe-it,resources/lang/fa/general.php,resources/views/components/view.blade.php
snipe/snipe-it,resources/lang/de/admin/licenses/message.php,resources/views/components/view.blade.php
snipe/snipe-it,resources/lang/zh-CN/admin/licenses/message.php,resources/views/components/view.blade.php
snipe/snipe-it,resources/lang/es-CO/general.php,resources/views/components/view.blade.php
snipe/snipe-it,resources/lang/bg/general.php,resources/views/components/view.blade.php
snipe/snipe-it,resources/lang/zh-TW/general.php,resources/views/components/view.blade.php
snipe/snipe-it,config/version.php,resources/views/components/view.blade.php
snipe/snipe-it,resources/lang/ja/general.php,resources/views/components/view.blade.php
snipe/snipe-it,resources/lang/de/admin/hardware/form.php,resources/views/components/view.blade.php
snipe/snipe-it,resources/lang/it/admin/licenses/message.php,resources/views/components/view.blade.php
snipe/snipe-it,resources/lang/fi/general.php,resources/views/components/view.blade.php
snipe/snipe-it,resources/lang/pt-PT/general.php,resources/views/components/view.blade.php
snipe/snipe-it,resources/lang/fa/admin/settings/general.php,resources/views/components/view.blade.php
snipe/snipe-it,resources/lang/zh-CN/admin/hardware/form.php,resources/views/components/view.blade.php
snipe/snipe-it,resources/lang/ro/general.php,resources/views/components/view.blade.php
snipe/snipe-it,resources/lang/en/admin/settings/general.php,resources/views/components/view.blade.php
snipe/snipe-it,resources/lang/vi/general.php,resources/views/components/view.blade.php
snipe/snipe-it,resources/lang/it/admin/hardware/form.php,resources/views/components/view.blade.php
snipe/snipe-it,resources/lang/zh-CN/general.php,resources/views/components/view.blade.php
snipe/snipe-it,resources/lang/lt/general.php,resources/views/components/view.blade.php
snipe/snipe-it,resources/lang/no/general.php,resources/views/components/view.blade.php
snipe/snipe-it,resources/lang/fr/admin/settings/message.php,resources/views/components/view.blade.php
snipe/snipe-it,resources/lang/de/general.php,resources/views/components/view.blade.php
snipe/snipe-it,resources/lang/fr/general.php,resources/views/components/view.blade.php
snipe/snipe-it,resources/lang/fr/admin/licenses/message.php,resources/views/components/view.blade.php
snipe/snipe-it,resources/lang/ja/mail.php,resources/views/components/view.blade.php
snipe/snipe-it,resources/lang/en-ID/general.php,resources/views/components/view.blade.php
snipe/snipe-it,resources/lang/hu/admin/hardware/form.php,resources/views/components/view.blade.php
snipe/snipe-it,resources/lang/pl/general.php,resources/views/components/view.blade.php
snipe/snipe-it,resources/lang/pt-BR/general.php,resources/views/components/view.blade.php
snipe/snipe-it,resources/lang/id/general.php,resources/views/components/view.blade.php
snipe/snipe-it,resources/lang/pl/admin/settings/general.php,resources/views/components/view.blade.php
snipe/snipe-it,resources/lang/ko/general.php,resources/views/components/view.blade.php
snipe/snipe-it,resources/lang/ru/general.php,resources/views/components/view.blade.php
snipe/snipe-it,resources/lang/es-ES/general.php,resources/views/components/view.blade.php
snipe/snipe-it,resources/lang/tr/general.php,resources/views/components/view.blade.php
snipe/snipe-it,resources/lang/hu/admin/licenses/message.php,resources/views/components/view.blade.php
snipe/snipe-it,resources/lang/it/mail.php,resources/views/components/view.blade.php
snipe/snipe-it,resources/lang/da/general.php,resources/views/components/view.blade.php
snipe/snipe-it,resources/views/account/view-assets.blade.php,resources/views/components/view.blade.php
snipe/snipe-it,resources/lang/fr/admin/asset_maintenances/general.php,resources/views/components/view.blade.php
snipe/snipe-it,resources/lang/hr/general.php,resources/views/components/view.blade.php
snipe/snipe-it,resources/lang/nl/general.php,resources/views/components/view.blade.php
snipe/snipe-it,resources/lang/ms/general.php,resources/views/components/view.blade.php
snipe/snipe-it,resources/lang/zh-TW/admin/settings/general.php,resources/views/components/view.blade.php
snipe/snipe-it,resources/lang/en/general.php,resources/views/components/view.blade.php
snipe/snipe-it,resources/lang/fr/mail.php,resources/views/components/view.blade.php
snipe/snipe-it,resources/lang/el/general.php,resources/views/components/view.blade.php
snipe/snipe-it,resources/lang/ja/admin/hardware/form.php,resources/views/components/view.blade.php
snipe/snipe-it,resources/lang/fr/admin/hardware/form.php,resources/views/components/view.blade.php
snipe/snipe-it,resources/lang/en-GB/general.php,resources/views/components/view.blade.php
snipe/snipe-it,resources/lang/hu/general.php,resources/views/components/view.blade.php
snipe/snipe-it,resources/lang/he/general.php,resources/views/components/view.blade.php
snipe/snipe-it,resources/lang/zh-CN/mail.php,resources/views/components/view.blade.php
snipe/snipe-it,config/permissions.php,resources/views/components/view.blade.php
snipe/snipe-it,resources/lang/hu/mail.php,resources/views/components/view.blade.php
snipe/snipe-it,resources/lang/sv-SE/general.php,resources/views/components/view.blade.php
snipe/snipe-it,resources/lang/ja/admin/licenses/message.php,app/Http/Controllers/ProfileController.php
snipe/snipe-it,resources/lang/hu/mail.php,app/Http/Controllers/ProfileController.php
snipe/snipe-it,resources/lang/es-ES/general.php,app/Http/Controllers/ProfileController.php
snipe/snipe-it,resources/lang/zh-CN/admin/licenses/message.php,app/Http/Controllers/ProfileController.php
snipe/snipe-it,resources/lang/hu/admin/hardware/form.php,app/Http/Controllers/ProfileController.php
snipe/snipe-it,resources/lang/zh-CN/general.php,app/Http/Controllers/ProfileController.php
snipe/snipe-it,resources/lang/fr/mail.php,app/Http/Controllers/ProfileController.php
snipe/snipe-it,resources/lang/it/mail.php,app/Http/Controllers/ProfileController.php
snipe/snipe-it,resources/lang/no/general.php,app/Http/Controllers/ProfileController.php
snipe/snipe-it,resources/lang/ms/general.php,app/Http/Controllers/ProfileController.php
snipe/snipe-it,resources/lang/ru/general.php,app/Http/Controllers/ProfileController.php
snipe/snipe-it,resources/lang/fr/admin/licenses/message.php,app/Http/Controllers/ProfileController.php
snipe/snipe-it,resources/lang/ja/mail.php,app/Http/Controllers/ProfileController.php
snipe/snipe-it,resources/lang/id/general.php,app/Http/Controllers/ProfileController.php
snipe/snipe-it,resources/lang/bg/general.php,app/Http/Controllers/ProfileController.php
snipe/snipe-it,resources/lang/en-ID/general.php,app/Http/Controllers/ProfileController.php
snipe/snipe-it,resources/lang/da/general.php,app/Http/Controllers/ProfileController.php
snipe/snipe-it,resources/lang/cs/general.php,app/Http/Controllers/ProfileController.php
snipe/snipe-it,resources/lang/de/mail.php,app/Http/Controllers/ProfileController.php
snipe/snipe-it,resources/lang/de/general.php,app/Http/Controllers/ProfileController.php
snipe/snipe-it,resources/lang/en/admin/settings/general.php,app/Http/Controllers/ProfileController.php
snipe/snipe-it,resources/lang/ro/general.php,app/Http/Controllers/ProfileController.php
snipe/snipe-it,resources/lang/es-CO/general.php,app/Http/Controllers/ProfileController.php
snipe/snipe-it,resources/lang/nl/general.php,app/Http/Controllers/ProfileController.php
snipe/snipe-it,resources/lang/zh-TW/admin/settings/general.php,app/Http/Controllers/ProfileController.php
snipe/snipe-it,resources/lang/he/general.php,app/Http/Controllers/ProfileController.php
snipe/snipe-it,resources/lang/pt-PT/general.php,app/Http/Controllers/ProfileController.php
snipe/snipe-it,resources/lang/it/general.php,app/Http/Controllers/ProfileController.php
snipe/snipe-it,resources/lang/fr/general.php,app/Http/Controllers/ProfileController.php
snipe/snipe-it,resources/lang/hu/admin/licenses/message.php,app/Http/Controllers/ProfileController.php
snipe/snipe-it,resources/views/account/view-assets.blade.php,app/Http/Controllers/ProfileController.php
snipe/snipe-it,resources/lang/fr/admin/asset_maintenances/general.php,app/Http/Controllers/ProfileController.php
snipe/snipe-it,resources/lang/fr/admin/settings/message.php,app/Http/Controllers/ProfileController.php
snipe/snipe-it,resources/lang/fa/admin/settings/general.php,app/Http/Controllers/ProfileController.php
snipe/snipe-it,resources/lang/de/admin/hardware/form.php,app/Http/Controllers/ProfileController.php
snipe/snipe-it,resources/lang/hr/general.php,app/Http/Controllers/ProfileController.php
snipe/snipe-it,resources/lang/ja/admin/hardware/form.php,app/Http/Controllers/ProfileController.php
snipe/snipe-it,resources/lang/sv-SE/general.php,app/Http/Controllers/ProfileController.php
snipe/snipe-it,resources/lang/hu/general.php,app/Http/Controllers/ProfileController.php
snipe/snipe-it,resources/lang/pt-BR/general.php,app/Http/Controllers/ProfileController.php
snipe/snipe-it,resources/lang/fi/general.php,app/Http/Controllers/ProfileController.php
snipe/snipe-it,resources/lang/tr/general.php,app/Http/Controllers/ProfileController.php
snipe/snipe-it,resources/lang/pl/general.php,app/Http/Controllers/ProfileController.php
snipe/snipe-it,resources/lang/de/admin/licenses/message.php,app/Http/Controllers/ProfileController.php
snipe/snipe-it,resources/lang/zh-CN/mail.php,app/Http/Controllers/ProfileController.php
snipe/snipe-it,resources/lang/it/admin/hardware/form.php,app/Http/Controllers/ProfileController.php
snipe/snipe-it,config/permissions.php,app/Http/Controllers/ProfileController.php
snipe/snipe-it,resources/lang/fa/general.php,app/Http/Controllers/ProfileController.php
snipe/snipe-it,resources/lang/en-GB/general.php,app/Http/Controllers/ProfileController.php
snipe/snipe-it,resources/lang/it/admin/licenses/message.php,app/Http/Controllers/ProfileController.php
snipe/snipe-it,resources/lang/th/general.php,app/Http/Controllers/ProfileController.php
snipe/snipe-it,resources/lang/fr/admin/hardware/form.php,app/Http/Controllers/ProfileController.php
snipe/snipe-it,resources/lang/zh-TW/general.php,app/Http/Controllers/ProfileController.php
snipe/snipe-it,resources/lang/en/general.php,app/Http/Controllers/ProfileController.php
snipe/snipe-it,resources/lang/zh-CN/admin/hardware/form.php,app/Http/Controllers/ProfileController.php
snipe/snipe-it,resources/lang/pl/admin/settings/general.php,app/Http/Controllers/ProfileController.php
snipe/snipe-it,resources/lang/ja/general.php,app/Http/Controllers/ProfileController.php
snipe/snipe-it,resources/lang/vi/general.php,app/Http/Controllers/ProfileController.php
snipe/snipe-it,resources/lang/lt/general.php,app/Http/Controllers/ProfileController.php
snipe/snipe-it,config/version.php,app/Http/Controllers/ProfileController.php
snipe/snipe-it,resources/lang/ko/general.php,app/Http/Controllers/ProfileController.php
snipe/snipe-it,resources/lang/el/general.php,app/Http/Controllers/ProfileController.php
snipe/snipe-it,resources/lang/ar/general.php,app/Http/Controllers/ProfileController.php
snipe/snipe-it,resources/lang/hu/admin/licenses/message.php,resources/views/accessories/view.blade.php
snipe/snipe-it,resources/lang/fi/general.php,resources/views/accessories/view.blade.php
snipe/snipe-it,resources/lang/sv-SE/general.php,resources/views/accessories/view.blade.php
snipe/snipe-it,resources/lang/de/admin/hardware/form.php,resources/views/accessories/view.blade.php
snipe/snipe-it,resources/lang/hu/general.php,resources/views/accessories/view.blade.php
snipe/snipe-it,resources/lang/it/admin/hardware/form.php,resources/views/accessories/view.blade.php
snipe/snipe-it,resources/lang/zh-CN/general.php,resources/views/accessories/view.blade.php
snipe/snipe-it,resources/lang/fr/mail.php,resources/views/accessories/view.blade.php
snipe/snipe-it,resources/lang/en-ID/general.php,resources/views/accessories/view.blade.php
snipe/snipe-it,resources/lang/ms/general.php,resources/views/accessories/view.blade.php
snipe/snipe-it,resources/lang/id/general.php,resources/views/accessories/view.blade.php
snipe/snipe-it,resources/views/account/view-assets.blade.php,resources/views/accessories/view.blade.php
snipe/snipe-it,resources/lang/fa/general.php,resources/views/accessories/view.blade.php
snipe/snipe-it,resources/lang/pt-BR/general.php,resources/views/accessories/view.blade.php
snipe/snipe-it,resources/lang/es-CO/general.php,resources/views/accessories/view.blade.php
snipe/snipe-it,config/permissions.php,resources/views/accessories/view.blade.php
snipe/snipe-it,resources/lang/ar/general.php,resources/views/accessories/view.blade.php
snipe/snipe-it,resources/lang/ko/general.php,resources/views/accessories/view.blade.php
snipe/snipe-it,resources/lang/zh-CN/mail.php,resources/views/accessories/view.blade.php
snipe/snipe-it,resources/lang/it/mail.php,resources/views/accessories/view.blade.php
snipe/snipe-it,resources/lang/ja/mail.php,resources/views/accessories/view.blade.php
snipe/snipe-it,resources/lang/en/general.php,resources/views/accessories/view.blade.php
snipe/snipe-it,resources/lang/pt-PT/general.php,resources/views/accessories/view.blade.php
snipe/snipe-it,resources/lang/hu/mail.php,resources/views/accessories/view.blade.php
snipe/snipe-it,resources/lang/pl/general.php,resources/views/accessories/view.blade.php
snipe/snipe-it,resources/lang/fr/general.php,resources/views/accessories/view.blade.php
snipe/snipe-it,resources/lang/bg/general.php,resources/views/accessories/view.blade.php
snipe/snipe-it,resources/lang/he/general.php,resources/views/accessories/view.blade.php
snipe/snipe-it,resources/lang/nl/general.php,resources/views/accessories/view.blade.php
snipe/snipe-it,resources/lang/lt/general.php,resources/views/accessories/view.blade.php
snipe/snipe-it,resources/lang/en/admin/settings/general.php,resources/views/accessories/view.blade.php
snipe/snipe-it,resources/lang/zh-TW/admin/settings/general.php,resources/views/accessories/view.blade.php
snipe/snipe-it,resources/lang/it/general.php,resources/views/accessories/view.blade.php
snipe/snipe-it,resources/lang/es-ES/general.php,resources/views/accessories/view.blade.php
snipe/snipe-it,resources/lang/en-GB/general.php,resources/views/accessories/view.blade.php
snipe/snipe-it,resources/lang/ro/general.php,resources/views/accessories/view.blade.php
snipe/snipe-it,resources/lang/pl/admin/settings/general.php,resources/views/accessories/view.blade.php
snipe/snipe-it,resources/lang/fr/admin/asset_maintenances/general.php,resources/views/accessories/view.blade.php
snipe/snipe-it,resources/lang/fr/admin/settings/message.php,resources/views/accessories/view.blade.php
snipe/snipe-it,resources/lang/it/admin/licenses/message.php,resources/views/accessories/view.blade.php
snipe/snipe-it,resources/lang/da/general.php,resources/views/accessories/view.blade.php
snipe/snipe-it,resources/lang/ja/admin/hardware/form.php,resources/views/accessories/view.blade.php
snipe/snipe-it,resources/lang/hu/admin/hardware/form.php,resources/views/accessories/view.blade.php
snipe/snipe-it,resources/lang/ru/general.php,resources/views/accessories/view.blade.php
snipe/snipe-it,resources/lang/tr/general.php,resources/views/accessories/view.blade.php
snipe/snipe-it,resources/lang/ja/general.php,resources/views/accessories/view.blade.php
snipe/snipe-it,resources/lang/zh-CN/admin/hardware/form.php,resources/views/accessories/view.blade.php
snipe/snipe-it,resources/lang/de/admin/licenses/message.php,resources/views/accessories/view.blade.php
snipe/snipe-it,resources/lang/de/general.php,resources/views/accessories/view.blade.php
snipe/snipe-it,resources/lang/fr/admin/licenses/message.php,resources/views/accessories/view.blade.php
snipe/snipe-it,resources/lang/fr/admin/hardware/form.php,resources/views/accessories/view.blade.php
snipe/snipe-it,resources/lang/vi/general.php,resources/views/accessories/view.blade.php
snipe/snipe-it,resources/lang/el/general.php,resources/views/accessories/view.blade.php
snipe/snipe-it,resources/lang/de/mail.php,resources/views/accessories/view.blade.php
snipe/snipe-it,resources/lang/hr/general.php,resources/views/accessories/view.blade.php
snipe/snipe-it,resources/lang/zh-CN/admin/licenses/message.php,resources/views/accessories/view.blade.php
snipe/snipe-it,resources/lang/no/general.php,resources/views/accessories/view.blade.php
snipe/snipe-it,resources/lang/fa/admin/settings/general.php,resources/views/accessories/view.blade.php
snipe/snipe-it,resources/lang/cs/general.php,resources/views/accessories/view.blade.php
snipe/snipe-it,config/version.php,resources/views/accessories/view.blade.php
snipe/snipe-it,resources/lang/ja/admin/licenses/message.php,resources/views/accessories/view.blade.php
snipe/snipe-it,resources/lang/zh-TW/general.php,resources/views/accessories/view.blade.php
snipe/snipe-it,resources/lang/th/general.php,resources/views/accessories/view.blade.php
snipe/snipe-it,resources/lang/el/general.php,resources/views/consumables/view.blade.php
snipe/snipe-it,resources/lang/lt/general.php,resources/views/consumables/view.blade.php
snipe/snipe-it,resources/lang/fa/general.php,resources/views/consumables/view.blade.php
snipe/snipe-it,resources/lang/de/general.php,resources/views/consumables/view.blade.php
snipe/snipe-it,resources/lang/tr/general.php,resources/views/consumables/view.blade.php
snipe/snipe-it,resources/lang/hu/mail.php,resources/views/consumables/view.blade.php
snipe/snipe-it,resources/lang/hr/general.php,resources/views/consumables/view.blade.php
snipe/snipe-it,resources/lang/ms/general.php,resources/views/consumables/view.blade.php
snipe/snipe-it,resources/lang/pt-PT/general.php,resources/views/consumables/view.blade.php
snipe/snipe-it,resources/lang/it/admin/hardware/form.php,resources/views/consumables/view.blade.php
snipe/snipe-it,resources/lang/hu/general.php,resources/views/consumables/view.blade.php
snipe/snipe-it,resources/lang/ro/general.php,resources/views/consumables/view.blade.php
snipe/snipe-it,resources/lang/pl/general.php,resources/views/consumables/view.blade.php
snipe/snipe-it,resources/lang/vi/general.php,resources/views/consumables/view.blade.php
snipe/snipe-it,config/permissions.php,resources/views/consumables/view.blade.php
snipe/snipe-it,resources/lang/de/admin/hardware/form.php,resources/views/consumables/view.blade.php
snipe/snipe-it,resources/lang/id/general.php,resources/views/consumables/view.blade.php
snipe/snipe-it,resources/lang/en/admin/settings/general.php,resources/views/consumables/view.blade.php
snipe/snipe-it,resources/lang/fr/admin/asset_maintenances/general.php,resources/views/consumables/view.blade.php
snipe/snipe-it,resources/lang/it/admin/licenses/message.php,resources/views/consumables/view.blade.php
snipe/snipe-it,resources/lang/en-GB/general.php,resources/views/consumables/view.blade.php
snipe/snipe-it,resources/lang/zh-TW/admin/settings/general.php,resources/views/consumables/view.blade.php
snipe/snipe-it,resources/lang/it/general.php,resources/views/consumables/view.blade.php
snipe/snipe-it,resources/lang/ru/general.php,resources/views/consumables/view.blade.php
snipe/snipe-it,resources/lang/en/general.php,resources/views/consumables/view.blade.php
snipe/snipe-it,resources/lang/hu/admin/hardware/form.php,resources/views/consumables/view.blade.php
snipe/snipe-it,resources/lang/de/admin/licenses/message.php,resources/views/consumables/view.blade.php
snipe/snipe-it,resources/lang/he/general.php,resources/views/consumables/view.blade.php
snipe/snipe-it,resources/lang/pt-BR/general.php,resources/views/consumables/view.blade.php
snipe/snipe-it,resources/lang/fa/admin/settings/general.php,resources/views/consumables/view.blade.php
snipe/snipe-it,resources/lang/fr/admin/licenses/message.php,resources/views/consumables/view.blade.php
snipe/snipe-it,resources/lang/fr/general.php,resources/views/consumables/view.blade.php
snipe/snipe-it,resources/lang/zh-CN/general.php,resources/views/consumables/view.blade.php
snipe/snipe-it,resources/lang/cs/general.php,resources/views/consumables/view.blade.php
snipe/snipe-it,resources/lang/no/general.php,resources/views/consumables/view.blade.php
snipe/snipe-it,resources/lang/ja/admin/hardware/form.php,resources/views/consumables/view.blade.php
snipe/snipe-it,resources/lang/ja/mail.php,resources/views/consumables/view.blade.php
snipe/snipe-it,resources/lang/sv-SE/general.php,resources/views/consumables/view.blade.php
snipe/snipe-it,resources/lang/it/mail.php,resources/views/consumables/view.blade.php
snipe/snipe-it,resources/lang/hu/admin/licenses/message.php,resources/views/consumables/view.blade.php
snipe/snipe-it,resources/views/account/view-assets.blade.php,resources/views/consumables/view.blade.php
snipe/snipe-it,resources/lang/es-CO/general.php,resources/views/consumables/view.blade.php
snipe/snipe-it,resources/lang/zh-CN/admin/licenses/message.php,resources/views/consumables/view.blade.php
snipe/snipe-it,resources/lang/es-ES/general.php,resources/views/consumables/view.blade.php
snipe/snipe-it,resources/lang/bg/general.php,resources/views/consumables/view.blade.php
snipe/snipe-it,resources/lang/ja/admin/licenses/message.php,resources/views/consumables/view.blade.php
snipe/snipe-it,resources/lang/th/general.php,resources/views/consumables/view.blade.php
snipe/snipe-it,resources/lang/en-ID/general.php,resources/views/consumables/view.blade.php
snipe/snipe-it,config/version.php,resources/views/consumables/view.blade.php
snipe/snipe-it,resources/lang/pl/admin/settings/general.php,resources/views/consumables/view.blade.php
snipe/snipe-it,resources/lang/zh-CN/mail.php,resources/views/consumables/view.blade.php
snipe/snipe-it,resources/lang/fr/admin/settings/message.php,resources/views/consumables/view.blade.php
snipe/snipe-it,resources/lang/fr/admin/hardware/form.php,resources/views/consumables/view.blade.php
snipe/snipe-it,resources/lang/zh-CN/admin/hardware/form.php,resources/views/consumables/view.blade.php
snipe/snipe-it,resources/lang/de/mail.php,resources/views/consumables/view.blade.php
snipe/snipe-it,resources/lang/fr/mail.php,resources/views/consumables/view.blade.php
snipe/snipe-it,resources/lang/fi/general.php,resources/views/consumables/view.blade.php
snipe/snipe-it,resources/lang/ko/general.php,resources/views/consumables/view.blade.php
snipe/snipe-it,resources/lang/ja/general.php,resources/views/consumables/view.blade.php
snipe/snipe-it,resources/lang/da/general.php,resources/views/consumables/view.blade.php
snipe/snipe-it,resources/lang/nl/general.php,resources/views/consumables/view.blade.php
snipe/snipe-it,resources/lang/ar/general.php,resources/views/consumables/view.blade.php
snipe/snipe-it,resources/lang/zh-TW/general.php,resources/views/consumables/view.blade.php
espocrm/espocrm,application/Espo/Modules/Crm/Services/Meeting.php,application/Espo/Core/Mail/Sender.php
espocrm/espocrm,application/Espo/Modules/Crm/EntryPoints/EventConfirmation.php,application/Espo/Core/Mail/Sender.php
espocrm/espocrm,application/Espo/Core/Mail/Importer.php,application/Espo/Core/Mail/Sender.php
espocrm/espocrm,application/Espo/Entities/Email.php,application/Espo/Core/Mail/Sender.php
espocrm/espocrm,application/Espo/Controllers/Stream.php,application/Espo/Core/Mail/Sender.php
espocrm/espocrm,application/Espo/Services/Email.php,application/Espo/Core/Mail/Sender.php
espocrm/espocrm,application/Espo/ORM/QueryComposer/BaseQueryComposer.php,application/Espo/Tools/Kanban/Kanban.php
espocrm/espocrm,application/Espo/Tools/LeadCapture/LeadCapture.php,application/Espo/Tools/Kanban/Kanban.php
espocrm/espocrm,application/Espo/Resources/defaults/config.php,application/Espo/Tools/Kanban/Kanban.php
espocrm/espocrm,application/Espo/Modules/Crm/Tools/Activities/Service.php,application/Espo/Tools/Notification/RecordService.php
espocrm/espocrm,application/Espo/Core/Mail/Account/GroupAccount/Hooks/AfterFetch.php,application/Espo/Tools/Notification/RecordService.php
espocrm/espocrm,application/Espo/Tools/Stream/Service.php,application/Espo/Tools/Notification/RecordService.php
espocrm/espocrm,application/Espo/Tools/Stream/RecordService.php,application/Espo/Tools/Notification/RecordService.php
humbug/php-scoper,src/Configuration/ConfigurationFactory.php,src/Configuration/SymbolsConfigurationFactory.php
humbug/php-scoper,src/Configuration/ConfigurationKeys.php,src/Configuration/SymbolsConfigurationFactory.php
humbug/php-scoper,src/Configuration/Configuration.php,src/Configuration/SymbolsConfigurationFactory.php
humbug/php-scoper,src/Symbol/SymbolRegistry.php,src/Configuration/SymbolsConfigurationFactory.php
libgraviton/graviton,src/Graviton/GeneratorBundle/Generator/ResourceGenerator.php,src/Graviton/CoreBundle/Controller/MainController.php
xibosignage/xibo-cms,lib/routes-web.php,lib/Entity/Schedule.php
xibosignage/xibo-cms,lib/Entity/Layout.php,lib/Entity/Schedule.php
xibosignage/xibo-cms,lib/Middleware/ListenersMiddleware.php,lib/Entity/LayoutOnCampaign.php
xibosignage/xibo-cms,lib/Middleware/ConnectorMiddleware.php,lib/Entity/LayoutOnCampaign.php
xibosignage/xibo-cms,lib/routes-web.php,lib/Factory/ScheduleFactory.php
xibosignage/xibo-cms,lib/Entity/Layout.php,lib/Factory/ScheduleFactory.php
xibosignage/xibo-cms,lib/Middleware/ConnectorMiddleware.php,lib/Listener/CampaignListener.php
xibosignage/xibo-cms,lib/Middleware/ListenersMiddleware.php,lib/Listener/CampaignListener.php
xibosignage/xibo-cms,lib/Middleware/ListenersMiddleware.php,lib/XTR/CampaignSchedulerTask.php
xibosignage/xibo-cms,lib/Middleware/ConnectorMiddleware.php,lib/XTR/CampaignSchedulerTask.php
xibosignage/xibo-cms,lib/Middleware/ConnectorMiddleware.php,db/migrations/20221024082400_ad_campaign_migration.php
xibosignage/xibo-cms,lib/Middleware/ListenersMiddleware.php,db/migrations/20221024082400_ad_campaign_migration.php
bacula-web/bacula-web,application/config/application.php,application/views/pools.view.php
bacula-web/bacula-web,application/config/application.php,application/views/login.view.php
bacula-web/bacula-web,application/config/application.php,application/views/dashboard.view.php
bacula-web/bacula-web,core/bootstrap.php,core/db/Database.php
bacula-web/bacula-web,application/config/application.php,application/views/usersettings.view.php
bacula-web/bacula-web,application/config/application.php,application/views/volumes.view.php
bacula-web/bacula-web,application/config/application.php,core/app/webapplication.class.php
bacula-web/bacula-web,application/config/application.php,core/app/userauth.class.php
bacula-web/bacula-web,application/config/application.php,application/views/jobs.view.php
bacula-web/bacula-web,application/config/application.php,application/views/settings.view.php
bacula-web/bacula-web,application/config/application.php,application/views/directors.view.php
bacula-web/bacula-web,application/config/application.php,application/views/backupjob.view.php
bacula-web/bacula-web,application/config/application.php,application/views/client.view.php
phpmyadmin/phpmyadmin,libraries/classes/Plugins.php,libraries/classes/Config.php
phpmyadmin/phpmyadmin,libraries/classes/Session.php,libraries/classes/Config.php
MinnPost/minnpost-largo,inc/template-functions.php,inc/events.php
sybrew/the-seo-framework,inc/classes/sanitize.class.php,autodescription.php
sybrew/the-seo-framework,inc/classes/sanitize.class.php,inc/classes/init.class.php
foodcoopshop/foodcoopshop,src/Lib/Invoice/SendInvoiceToCustomer.php,config/custom_config.dev.php
foodcoopshop/foodcoopshop,plugins/Admin/src/Controller/CustomersController.php,src/View/Helper/MyTimeHelper.php
foodcoopshop/foodcoopshop,src/View/Helper/MyHtmlHelper.php,src/View/Helper/MyTimeHelper.php
foodcoopshop/foodcoopshop,src/Model/Table/OrderDetailsTable.php,src/View/Helper/MyTimeHelper.php
foodcoopshop/foodcoopshop,src/Model/Table/OrderDetailsTable.php,src/Model/Table/InvoicesTable.php
foodcoopshop/foodcoopshop,plugins/Admin/src/Controller/CustomersController.php,src/Model/Table/InvoicesTable.php
foodcoopshop/foodcoopshop,src/View/Helper/MyHtmlHelper.php,src/Model/Table/InvoicesTable.php
foodcoopshop/foodcoopshop,src/View/Helper/MyHtmlHelper.php,src/Model/Table/ProductsTable.php
foodcoopshop/foodcoopshop,src/Model/Table/OrderDetailsTable.php,src/Model/Table/ProductsTable.php
foodcoopshop/foodcoopshop,plugins/Admin/src/Controller/CustomersController.php,src/Model/Table/ProductsTable.php
foodcoopshop/foodcoopshop,src/Model/Table/OrderDetailsTable.php,src/View/Helper/MyNumberHelper.php
foodcoopshop/foodcoopshop,plugins/Admin/src/Controller/CustomersController.php,src/View/Helper/MyNumberHelper.php
foodcoopshop/foodcoopshop,src/View/Helper/MyHtmlHelper.php,src/View/Helper/MyNumberHelper.php
foodcoopshop/foodcoopshop,src/Model/Table/OrderDetailsTable.php,src/Controller/Component/CartComponent.php
foodcoopshop/foodcoopshop,plugins/Admin/src/Controller/CustomersController.php,src/Controller/Component/CartComponent.php
foodcoopshop/foodcoopshop,src/View/Helper/MyHtmlHelper.php,src/Controller/Component/CartComponent.php
foodcoopshop/foodcoopshop,plugins/Admin/templates/element/productList/button/editDeliveryRhythmForSelectedProducts.php,plugins/Admin/templates/Customers/index.php
foodcoopshop/foodcoopshop,plugins/Admin/templates/Products/index.php,plugins/Admin/templates/Customers/index.php
foodcoopshop/foodcoopshop,plugins/Admin/templates/element/productList/button/deleteSelectedProducts.php,plugins/Admin/templates/Customers/index.php
foodcoopshop/foodcoopshop,src/Lib/HelloCash/HelloCash.php,src/Shell/SavedLocalizedJsAsStaticFileShell.php
foodcoopshop/foodcoopshop,plugins/Admin/templates/element/productList/button/calculateSellingPriceWithSurchargeForSelectedProducts.php,src/Shell/SavedLocalizedJsAsStaticFileShell.php
foodcoopshop/foodcoopshop,plugins/Admin/src/Controller/CustomersController.php,plugins/Admin/src/Controller/OrderDetailsController.php
foodcoopshop/foodcoopshop,src/Model/Table/OrderDetailsTable.php,plugins/Admin/src/Controller/OrderDetailsController.php
foodcoopshop/foodcoopshop,src/View/Helper/MyHtmlHelper.php,plugins/Admin/src/Controller/OrderDetailsController.php
jonnybarnes/jonnybarnes.uk,database/migrations/2022_10_21_155721_create_syndication_targets_table.php,app/Http/Controllers/Admin/SyndicationTargetsController.php
